id,total_score,avg_score,runtime_sec,max_runtime_sec,description,file,solver_sha256,manifest_sha256,benchmark,readiness
0,228305971,713456.159375,18.638346200808883,0.32775960001163185,Initial strict immediate-gain greedy; beats zero and single-operation baselines,submissions/best_000_initial.py,6ce02f0cfefeb3a26e2a378d981154eacf233743bd7b019b3f0a07d2d39093cb,bd30204d28266a4d8c69f0dc028eec2ca8ac605d8e9f3f198fd1176f0ff506ac,results\baseline_greedy.json,results\check_greedy.json
1,240756242,752363.25625,30.11762259970419,0.5789559999248013,Packed greedy with neutral stamp-state exploration and four deterministic restarts,submissions/best_001_240756242.py,797053ba540c0d78c3c78f47446b99ca8fbd74855b637c74589fe89d22b95d26,bd30204d28266a4d8c69f0dc028eec2ca8ac605d8e9f3f198fd1176f0ff506ac,results\plateau_stable.json,results\check_plateau.json
2,240849239,752653.871875,24.321027100202627,0.4765090000582859,Packed greedy with exact positive-total two-ply escape including negative setup moves,submissions/best_002_240849239.py,59ed5489f33f5ccd4fa58cbc88256a98fd252a6f753b190d5366e9d3f372806d,bd30204d28266a4d8c69f0dc028eec2ca8ac605d8e9f3f198fd1176f0ff506ac,results\lookahead_1_stable.json,results\lookahead_1_readiness.json
3,242249708,757030.3375,32.71750379970763,0.8054886000463739,One-hot match evaluation enables twelve deterministic plateau-search restarts,submissions/best_003_242249708.py,8998ed075559c7d2da697ca93fce6a5fd9cb543c010dbf69796a4c155f433376,bd30204d28266a4d8c69f0dc028eec2ca8ac605d8e9f3f198fd1176f0ff506ac,results/checkpoints/best_003_242249708.benchmark.json,results/checkpoints/best_003_242249708.readiness.json
4,243391996,760599.9875,42.608379501733,1.60242690006271,Four deterministic lookahead restarts with randomized action tie orders,submissions/best_004_243391996.py,a34eecfdf18eaaa5d91556b489c1cc7fc96605184389f9c0df14c9851b31018f,bd30204d28266a4d8c69f0dc028eec2ca8ac605d8e9f3f198fd1176f0ff506ac,results/checkpoints/best_004_243391996.benchmark.json,results/checkpoints/best_004_243391996.readiness.json
5,244316245,763488.265625,64.99294649960939,2.602018899982795,Select better of twelve neutral plateau runs and four two-ply lookahead runs,submissions/best_005_244316245.py,d9a754b01493ed9758ae4c252747325be5f7bd51f4442ae69bd7ecd8c5118d8e,bd30204d28266a4d8c69f0dc028eec2ca8ac605d8e9f3f198fd1176f0ff506ac,results/checkpoints/best_005_244316245.benchmark.json,results/checkpoints/best_005_244316245.readiness.json
6,245343012,766696.9125,88.13466310163494,3.945744499913417,Three complementary searches including lookahead during positive-gain moves,submissions/best_006_245343012.py,7632c92605fdd0e33b113e5b0c6a6c86e71a8dd824d6e8327b7885a9ef3cd142,bd30204d28266a4d8c69f0dc028eec2ca8ac605d8e9f3f198fd1176f0ff506ac,results/checkpoints/best_006_245343012.benchmark.json,results/checkpoints/best_006_245343012.readiness.json
7,245544191,767325.596875,90.48503639921546,2.7195461000083014,Four exact backward coordinate sweeps with neutral ties refine the two-stream portfolio,submissions/best_007_245544191.py,d8c326fe799bea7bed954d86fa1c2418a32de22275ae1c88bc18cc5089a07732,bd30204d28266a4d8c69f0dc028eec2ca8ac605d8e9f3f198fd1176f0ff506ac,results/checkpoints/best_007_245544191.benchmark.json,results/checkpoints/best_007_245544191.readiness.json
8,246335486,769798.39375,94.64079490071163,4.271041600033641,Four randomized exact backward sweeps refine the best of three complementary constructors,submissions/best_008_246335486.py,ccc2a6c452d618d7e4a4f5bdb65bc2dbbeb01833bc8cdeadb9931c35f38d00a2,bd30204d28266a4d8c69f0dc028eec2ca8ac605d8e9f3f198fd1176f0ff506ac,results/checkpoints/best_008_246335486.benchmark.json,results/checkpoints/best_008_246335486.readiness.json
9,246786935,771209.171875,99.44706679938827,3.1916619999101385,Bit-sliced action evaluation funds eight width64 lookahead restarts and six refinement sweeps,submissions/best_009_246786935.py,37f54a4b61c54dd33a4e0b7215d8a244210fb3165888f2ad160dc631a1fa6c13,bd30204d28266a4d8c69f0dc028eec2ca8ac605d8e9f3f198fd1176f0ff506ac,results/checkpoints/best_009_246786935.benchmark.json,results/checkpoints/best_009_246786935.readiness.json
10,246874186,771481.83125,108.44220539962407,2.8329798999475315,Bit-sliced plateau and lookahead search with eight exact backward refinement sweeps,submissions/best_010_246874186.py,8fef24c1460d1793d1423a503c69bce77ac4c47a8142e635f57c58af01515967,bd30204d28266a4d8c69f0dc028eec2ca8ac605d8e9f3f198fd1176f0ff506ac,results/checkpoints/best_010_246874186.benchmark.json,results/checkpoints/best_010_246874186.readiness.json
11,247272076,772725.2375,123.92466310027521,3.2244504999835044,Depth-three profitable rescue at terminal two-ply plateaus,submissions/best_011_247272076.py,a32b95b1696121fd3cf965e9fc32f038b2825125a30e84844e6f4709c5dce1a5,bd30204d28266a4d8c69f0dc028eec2ca8ac605d8e9f3f198fd1176f0ff506ac,results/checkpoints/best_011_247272076.benchmark.json,results/checkpoints/best_011_247272076.readiness.json
12,248036769,775114.903125,130.66148299968336,2.481244200025685,Bounded neutral and lossy two-ply walks with best-prefix retention and fast exact refinement,submissions/best_012_248036769.py,75b8b0f783d3c38413da3d8f6138a41fb44932f0eb4730c594a1d469eae9c1a3,bd30204d28266a4d8c69f0dc028eec2ca8ac605d8e9f3f198fd1176f0ff506ac,results/checkpoints/best_012_248036769.benchmark.json,results/checkpoints/best_012_248036769.readiness.json
13,248753972,777356.1625,266.4712444009492,3.9422935000620782,Sampled adjacent operation-pair replacement with exact completion and bitset refinement,submissions/best_013_248753972.py,35632bef4e2a7b9e3af28238797117e8acdc8bd819084eaa1b8d50b81731a46a,bd30204d28266a4d8c69f0dc028eec2ca8ac605d8e9f3f198fd1176f0ff506ac,results/checkpoints/best_013_248753972.benchmark.json,results/checkpoints/best_013_248753972.readiness.json
14,249115734,778486.66875,230.55278949905187,4.214073800016195,Incremental adjacent-pair sweeps followed by sampled exact pair completion,submissions/best_014_249115734.py,92489c75173212ff0a2b5941c6a0936fa1208ec5f41ef21c87ae54a3ae02ac8f,bd30204d28266a4d8c69f0dc028eec2ca8ac605d8e9f3f198fd1176f0ff506ac,results/checkpoints/best_014_249115734.benchmark.json,results/checkpoints/best_014_249115734.readiness.json
15,249389357,779341.740625,209.14508339983877,3.525520300026983,Hybrid pair optimization plus exact small-budget search and retained beam candidate,submissions/best_015_249389357.py,e7b5f1084fcfa587d5332b109ac940248a902a45c91d07a4522d8ae082b4f60c,bd30204d28266a4d8c69f0dc028eec2ca8ac605d8e9f3f198fd1176f0ff506ac,results/checkpoints/best_015_249389357.benchmark.json,results/checkpoints/best_015_249389357.readiness.json
16,249547073,779834.603125,218.55210220033769,4.120013599982485,Hybrid pair optimization with retained small-budget beam through K24,submissions/best_016_249547073.py,0cd6d3ebfef4925736950ef81d755e8b10b6b5153c05a83f1426be0a44a7a2de,bd30204d28266a4d8c69f0dc028eec2ca8ac605d8e9f3f198fd1176f0ff506ac,results/checkpoints/best_016_249547073.benchmark.json,results/checkpoints/best_016_249547073.readiness.json
17,249880999,780878.121875,236.5961199995363,3.957724199979566,Guided triple sequence repair combined with retained beam through K24,submissions/best_017_249880999.py,0803c7d3e039be52dff1a527ddc07125b4cda4d81a65a40f9f040d9dd142ba80,bd30204d28266a4d8c69f0dc028eec2ca8ac605d8e9f3f198fd1176f0ff506ac,results/checkpoints/best_017_249880999.benchmark.json,results/checkpoints/best_017_249880999.readiness.json
18,250064691,781452.159375,213.74918250110932,3.477857999969274,Color-bound early exits and small-board perturb-refine trials before guided triples,submissions/best_018_250064691.py,6c1ee943d5a64e9060f16ba5506e5086b36761046ad67d6fe08f8bd2961d85aa,bd30204d28266a4d8c69f0dc028eec2ca8ac605d8e9f3f198fd1176f0ff506ac,results/checkpoints/best_018_250064691.benchmark.json,results/checkpoints/best_018_250064691.readiness.json
19,250384135,782450.421875,204.55542229884304,3.670228000031784,Wider depth60 beam for tiny boards combined with small-board perturbation,submissions/best_019_250384135.py,f258f9cabf0e0bb8da670eea1a4bcc0cdbd02a5505b18206ec5bd7d2f1b14557,bd30204d28266a4d8c69f0dc028eec2ca8ac605d8e9f3f198fd1176f0ff506ac,results/checkpoints/best_019_250384135.benchmark.json,results/checkpoints/best_019_250384135.readiness.json
20,250559222,782997.56875,261.49107100011315,4.683040700037964,Bounded simulated annealing over operation pairs with best-sequence retention; max-size holdout passed,submissions/best_020_250559222.py,5a4f2ee0f6c733cad29f409ab8c0584a71d963749a2ea65a73fe3d95e414dc29,bd30204d28266a4d8c69f0dc028eec2ca8ac605d8e9f3f198fd1176f0ff506ac,results/checkpoints/best_020_250559222.benchmark.json,results/checkpoints/best_020_250559222.readiness.json
21,250867386,783960.58125,267.5081639998825,4.799884499981999,Retained small-board perturbation and deep beam paths followed by annealed pair repair,submissions/best_021_250867386.py,845a724b3113ba1fc2d6c8a0f60aa83b50e8dfc2ea148cbc1be588ea19674453,bd30204d28266a4d8c69f0dc028eec2ca8ac605d8e9f3f198fd1176f0ff506ac,results/checkpoints/best_021_250867386.benchmark.json,results/checkpoints/best_021_250867386.readiness.json
22,250872488,783976.525,288.93595279962756,4.037112499936484,Retain annealed outcomes of both small-board paths with exact incremental state updates,submissions/best_022_250872488.py,4319f1195bcc078feb3083b8f49261efe4cfa63c069f22f4385b0d0a63004f04,bd30204d28266a4d8c69f0dc028eec2ca8ac605d8e9f3f198fd1176f0ff506ac,results/checkpoints/best_022_250872488.benchmark.json,results/checkpoints/best_022_250872488.readiness.json
23,250921331,784129.159375,270.38427489995956,3.5731679000891745,Large-board boundary-weighted constructor selection with cached state and refinement geometry,submissions/best_023_250921331.py,5eae452c107daa08e7512f40f046d2f21ff8f7739b04f6f518b23394d8110de0,bd30204d28266a4d8c69f0dc028eec2ca8ac605d8e9f3f198fd1176f0ff506ac,results/checkpoints/best_023_250921331.benchmark.json,results/checkpoints/best_023_250921331.readiness.json
24,250934988,784171.8375,258.9983049998991,3.6340944999828935,Exact bidirectional search for binary 4x4 boards with five-move target reachability,submissions/best_024_250934988.py,d66d082df73a58c1b6d95c5db81dd502a0c5d024dc21c0a179deb9dc3b476175,bd30204d28266a4d8c69f0dc028eec2ca8ac605d8e9f3f198fd1176f0ff506ac,results/checkpoints/best_024_250934988.benchmark.json,results/checkpoints/best_024_250934988.readiness.json
25,250983831,784324.471875,243.76123410032596,3.169262700015679,Combine exact binary target search with large-board weighted constructor selection,submissions/best_025_250983831.py,c903e0add98bc8857078afed3fab0bb75083b5593f4de126b4d3bab7c7a1fb09,bd30204d28266a4d8c69f0dc028eec2ca8ac605d8e9f3f198fd1176f0ff506ac,results/checkpoints/best_025_250983831.benchmark.json,results/checkpoints/best_025_250983831.readiness.json
26,251149505,784842.203125,234.87721469986718,3.221812699921429,Informed endpoint proposals in annealed pair repair; isolated maximum-size runtime passed,submissions/best_026_251149505.py,9c91f2c96720655e543e8b9e0c8c65bbf197fab7027dd75243ac10fe4509507a,bd30204d28266a4d8c69f0dc028eec2ca8ac605d8e9f3f198fd1176f0ff506ac,results/checkpoints/best_026_251149505.benchmark.json,results/checkpoints/best_026_251149505.readiness.json
27,251280679,785252.121875,255.97031149920076,3.311181899975054,Informed pair endpoints combined with exact binary search and weighted large-board candidate selection,submissions/best_027_251280679.py,07995182cd7fd459f08fcc125b66268b5192aa4144ed8fb171a0d633717d1276,bd30204d28266a4d8c69f0dc028eec2ca8ac605d8e9f3f198fd1176f0ff506ac,results/checkpoints/best_027_251280679.benchmark.json,results/checkpoints/best_027_251280679.readiness.json
28,251305191,785328.721875,264.03769369912334,3.2371432998916134,Weighted suffix refinement preserves informed composite score floor; isolated36 maximum-size check passed,submissions/best_028_251305191.py,baf24c2d4234e232cad9b6a7a97cefc46f001e29ad55613a4c9f7d5c46fa9fd4,bd30204d28266a4d8c69f0dc028eec2ca8ac605d8e9f3f198fd1176f0ff506ac,results/checkpoints/best_028_251305191.benchmark.json,results/checkpoints/best_028_251305191.readiness.json
29,251345195,785453.734375,284.8040159008233,3.841486999997869,Annealed exact endpoint replacement across fixed intervening operations; seven wins and no regressions over028,submissions/best_029_251345195.py,6667247faa2f1d5e9dfe39b16027b1f0a878545f1741f2144658e63c015f6f6b,bd30204d28266a4d8c69f0dc028eec2ca8ac605d8e9f3f198fd1176f0ff506ac,results/checkpoints/best_029_251345195.benchmark.json,results/checkpoints/best_029_251345195.readiness.json
30,251481350,785879.21875,323.8274438001681,3.8820266000693664,"Conditional informed triple annealing on weighted solver;26 wins/no losses over028, isolated max-size runtime passed",submissions/best_030_251481350.py,6b7030bad03d475f8ed5ca9bcf4876ae9235cb94634abce281230342dad746f4,bd30204d28266a4d8c69f0dc028eec2ca8ac605d8e9f3f198fd1176f0ff506ac,results/checkpoints/best_030_251481350.benchmark.json,results/checkpoints/best_030_251481350.readiness.json
31,251606350,786269.84375,294.04027790017426,3.86175679997541,Exact eight-move small-board finisher using backward wildcard constraints and forward color indexes; two perfect repairs,submissions/best_031_251606350.py,15b73e55e2ee75ffd6dd03531d22bafd91c53b9f46337f647ab0313613875eb5,bd30204d28266a4d8c69f0dc028eec2ca8ac605d8e9f3f198fd1176f0ff506ac,results/checkpoints/best_031_251606350.benchmark.json,results/checkpoints/best_031_251606350.readiness.json
32,251668850,786465.15625,307.1216291995952,3.957150200032629,Exact suffix completion after bounded tail removal plus qualified constructor undo;13 tiny holdouts passed including repeated search,submissions/best_032_251668850.py,c1ebe3678ced159e13741d50ee5fb53da4379c3fa679367412151f5dbbd1bf4e,bd30204d28266a4d8c69f0dc028eec2ca8ac605d8e9f3f198fd1176f0ff506ac,results/checkpoints/best_032_251668850.benchmark.json,results/checkpoints/best_032_251668850.readiness.json
33,251678439,786495.121875,297.1696084002033,3.6198560000630096,Two alternating exact forward/backward refinement rounds;five independent single-cell gains with full parent floor,submissions/best_033_251678439.py,b07f8cc9a0cb8baec8417d36873c5889dfb93a44e307dcf0f9c9fc2788d18072,bd30204d28266a4d8c69f0dc028eec2ca8ac605d8e9f3f198fd1176f0ff506ac,results/checkpoints/best_033_251678439.benchmark.json,results/checkpoints/best_033_251678439.readiness.json
34,251734381,786669.940625,317.4235733994283,3.730668499949388,Two retained packed late-beam repairs on small boards;four extra matching cells over033,submissions/best_034_251734381.py,8fdb079e7ab03a24ef51d41762bef85433d59290e51f4960dbaf347a6535fee9,bd30204d28266a4d8c69f0dc028eec2ca8ac605d8e9f3f198fd1176f0ff506ac,results/checkpoints/best_034_251734381.benchmark.json,results/checkpoints/best_034_251734381.readiness.json
35,251765631,786767.596875,287.1768938008463,3.33702680002898,Four retained late beam repairs with qualified exact speed improvements; isolated 36-case maximum 3.391s,submissions/best_035_251765631.py,516e709b120ffae1500da6a645d801335f81c497b377a92d10befc165b4177ca,bd30204d28266a4d8c69f0dc028eec2ca8ac605d8e9f3f198fd1176f0ff506ac,results/checkpoints/best_035_251765631.benchmark.json,results/checkpoints/best_035_251765631.readiness.json
36,251771548,786786.0875,316.3813854998443,3.252201499999501,"Retained four-operation commutator append; one additional cell, exact canonical swap restoration, no regressions",submissions/best_036_251771548.py,0f98fc940dc3283dd15ab0b8a8bb0f3f7955285354dbc9fc1ec1e9688aa6d68a,bd30204d28266a4d8c69f0dc028eec2ca8ac605d8e9f3f198fd1176f0ff506ac,results/checkpoints/best_036_251771548.benchmark.json,results/checkpoints/best_036_251771548.readiness.json
37,251801728,786880.4,344.5971538017038,3.7406922000227496,Retained hotter triple restart plus cleanup; eight improvements and no losses versus035; exact parent preserved on ties,submissions/best_037_251801728.py,8b164a15e4b772f6399293947b33e831eafabb7601c620074c6af508166f348f,bd30204d28266a4d8c69f0dc028eec2ca8ac605d8e9f3f198fd1176f0ff506ac,results/checkpoints/best_037_251801728.benchmark.json,results/checkpoints/best_037_251801728.readiness.json
38,251809034,786903.23125,310.70280509931035,3.924130899948068,Retained width512 depth8 late beam repairs two cells over035;13 independent holdouts passed including depth8 repair,submissions/best_038_251809034.py,34b1d86af939ebb59a4a54ea4d4a60d3ae5752b55139b323e0514b1dfe486e34,bd30204d28266a4d8c69f0dc028eec2ca8ac605d8e9f3f198fd1176f0ff506ac,results/checkpoints/best_038_251809034.benchmark.json,results/checkpoints/best_038_251809034.readiness.json
39,251862073,787068.978125,304.1985664999811,3.9445371000329033,"Combined exact count-plane speed port, hot triples, commutator, annealed four-window repair and deeper beam; isolated36 max3.336s",submissions/best_039_251862073.py,8494b5931955f69e0e7f9a7fa0a882788eba681820e755c574e3cf1e81c3e9eb,bd30204d28266a4d8c69f0dc028eec2ca8ac605d8e9f3f198fd1176f0ff506ac,results/checkpoints/best_039_251862073.benchmark.json,results/checkpoints/best_039_251862073.readiness.json
40,251963428,787385.7125,266.00263049895875,3.5828826000215486,"Compact informed core plus exact inverse cancellation, global operation relocation and sparse six-operation routing; 9548-byte submission",submissions/best_040_251963428.py,8a0663f0f8da051bb027e71d59cbecbb230d5c7c0845c67c2e055411a6ea5864,bd30204d28266a4d8c69f0dc028eec2ca8ac605d8e9f3f198fd1176f0ff506ac,results/checkpoints/best_040_251963428.benchmark.json,results/checkpoints/best_040_251963428.readiness.json
41,252038607,787620.646875,259.32165590126533,3.4405848999740556,Four sparse routing repairs after exact cancellation and global relocation; compact 9539-byte solver,submissions/best_041_252038607.py,daf4ef3ae5e933200ca63c4ccebe023d0c1336f2ecef2397499ff7500fce37cc,bd30204d28266a4d8c69f0dc028eec2ca8ac605d8e9f3f198fd1176f0ff506ac,results/checkpoints/best_041_252038607.benchmark.json,results/checkpoints/best_041_252038607.readiness.json
42,252085720,787767.875,252.22451110032853,3.6091186000267044,Five sparse routing repairs recover additional mismatches within the same bounded permutation search,submissions/best_042_252085720.py,564319ae1e36425f8a022f83580b683eafcd75873dbb91c790ed585af71d384e,bd30204d28266a4d8c69f0dc028eec2ca8ac605d8e9f3f198fd1176f0ff506ac,results/checkpoints/best_042_252085720.benchmark.json,results/checkpoints/best_042_252085720.readiness.json
43,252147480,787960.875,272.8239164003171,4.147719100001268,Size-adaptive sparse routing through eight profitable repairs after three relocation rounds,submissions/best_043_252147480.py,dc1a0fd2050fe5ed3cce110ec3931a831760c5b22e90ab10ce435bbb6e5c1a54,bd30204d28266a4d8c69f0dc028eec2ca8ac605d8e9f3f198fd1176f0ff506ac,results/checkpoints/best_043_252147480.benchmark.json,results/checkpoints/best_043_252147480.readiness.json
44,252152063,787975.196875,254.38033529976383,3.785890399944037,Search five low-loss deletion candidates across five global relocation rounds before sparse routing,submissions/best_044_252152063.py,22f538e31da80ab597d462cf1bc0f342eec85bb3f72732449d19fad6aef02c79,bd30204d28266a4d8c69f0dc028eec2ca8ac605d8e9f3f198fd1176f0ff506ac,results/checkpoints/best_044_252152063.benchmark.json,results/checkpoints/best_044_252152063.readiness.json
45,252192457,788101.428125,265.04999899910763,3.792587700067088,Complete up to twelve profitable sparse routes on smaller boards with bounded larger-board work,submissions/best_045_252192457.py,4b83c0b99e6fab2fb296906c74d164eba8a28e9fed3aebb3bd71ec1aeccd4660,bd30204d28266a4d8c69f0dc028eec2ca8ac605d8e9f3f198fd1176f0ff506ac,results/checkpoints/best_045_252192457.benchmark.json,results/checkpoints/best_045_252192457.readiness.json
46,252388472,788713.975,306.8041571016656,3.7129886000184342,Retain full prior search portfolio with exact temporal relocation and bit-parallel six-operation permutation routing; plain Python below100000 bytes,submissions/best_046_252388472.py,f9337eb270f010e9f40df5202f76a923e44e91c61cdce66b027e6485128ff088,bd30204d28266a4d8c69f0dc028eec2ca8ac605d8e9f3f198fd1176f0ff506ac,results/checkpoints/best_046_252388472.benchmark.json,results/checkpoints/best_046_252388472.readiness.json
47,252571424,789285.7,309.3861374009866,3.837595900055021,Expanded global relocation plus twelve size-adaptive sparse repairs using exact parallel anchor scoring,submissions/best_047_252571424.py,8fe295892f4e3a91a80430ffc5b7b30f111fe91ba3e350e5d480434ba04aaf7e,bd30204d28266a4d8c69f0dc028eec2ca8ac605d8e9f3f198fd1176f0ff506ac,results/checkpoints/best_047_252571424.benchmark.json,results/checkpoints/best_047_252571424.readiness.json
48,252747393,789835.603125,313.01465740054846,4.566175399930216,Fast exact anchor scoring funds up to thirty profitable sparse routing steps across all board sizes,submissions/best_048_252747393.py,6f83118b6c7a62f2fadb5feb2904e9167416fcb2f98115bf023a653730a47acd,bd30204d28266a4d8c69f0dc028eec2ca8ac605d8e9f3f198fd1176f0ff506ac,results/checkpoints/best_048_252747393.benchmark.json,results/checkpoints/best_048_252747393.readiness.json
49,252862932,790196.6625,351.890877702157,4.99618959997315,"Complement six-operation repairs with twelve-, eighteen-, ten-, and twenty-four-operation cycle powers and revisit shorter generators",submissions/best_049_252862932.py,4f6476b9c1ec9e681504452d268fbf77bcb4c9269fb59e7fc264c3afa24f5eaa,bd30204d28266a4d8c69f0dc028eec2ca8ac605d8e9f3f198fd1176f0ff506ac,results/checkpoints/best_049_252862932.benchmark.json,results/checkpoints/best_049_252862932.readiness.json
50,252894799,790296.246875,334.40718829992693,3.736637599999085,Retained full-state beam rebuilding of operation blocks with exact backward suffix labels; six stable wins and no losses; max-size holdout passed,submissions/best_050_252894799.py,5dec351dbf778347262a72adbac2b44ae9d57243b96494cc69abddda88085a38,bd30204d28266a4d8c69f0dc028eec2ca8ac605d8e9f3f198fd1176f0ff506ac,results/checkpoints/best_050_252894799.benchmark.json,results/checkpoints/best_050_252894799.readiness.json
51,252909754,790342.98125,381.61227360065095,4.669440899975598,"Retained alternate width-four depth-ten suffix beam with 120000-transition cap; strict canonical gains, maximum-size holdout and exact winning-output reproduction passed",submissions/best_051_252909754.py,5172751628c86c1b0cbcc7091bab3ecc43a5df1067d418395f2b4305e3849ff4,bd30204d28266a4d8c69f0dc028eec2ca8ac605d8e9f3f198fd1176f0ff506ac,results/checkpoints/best_051_252909754.benchmark.json,results/checkpoints/best_051_252909754.readiness.json
52,252937025,790428.203125,353.7976662978763,4.173503700061701,Exact contiguous-segment rotation repair after retained suffix beam; exact whole-grid stamp shortcut; all stable gains reproduced and maximum-size holdouts passed,submissions/best_052_252937025.py,a3b32accc115fa0dc91143b6bbaaeb25226651d8e8557c70bbcd6f3b1a7a5442,bd30204d28266a4d8c69f0dc028eec2ca8ac605d8e9f3f198fd1176f0ff506ac,results/checkpoints/best_052_252937025.benchmark.json,results/checkpoints/best_052_252937025.readiness.json
53,254103898,794074.68125,420.4849738997873,4.607710299897008,"Full-budget bit-parallel beam plus canonical-stamp small beam, prefix routing and objective perturbation; +1166873 over052 with81wins/no losses; isolated max-size holdouts passed",submissions/best_053_254103898.py,0629d2b4e63e2772a4f06795041e115ea9b2b62bbc5536e9c21f5661de9bb7fa,bd30204d28266a4d8c69f0dc028eec2ca8ac605d8e9f3f198fd1176f0ff506ac,results/checkpoints/best_053_254103898.benchmark.json,results/checkpoints/best_053_254103898.readiness.json
54,254492748,795289.8375,461.48035279952455,4.6552995999809355,"Backward wildcard beam for repetitive target patches, integrated before existing refinement; stable +388850 over053, max-size and periodic holdouts passed.",submissions/best_054_254492748.py,b70211712e8844d506849640aa2d1f25e0ab41861d373be35b0ab3bfd9090f54,bd30204d28266a4d8c69f0dc028eec2ca8ac605d8e9f3f198fd1176f0ff506ac,results/checkpoints/best_054_254492748.benchmark.json,results/checkpoints/best_054_254492748.readiness.json
55,254652429,795788.840625,456.4333076989278,4.684545200085267,Backward constructor plus complementary clustered-error forward beam before refinement; +159681 over054 and +548531 over053; all320 valid and expanded runtime checks passed.,submissions/best_055_254652429.py,e03c2ed010f2c651846cd0705966edc995bd4787f66f1f613d7b7d02bd794248,bd30204d28266a4d8c69f0dc028eec2ca8ac605d8e9f3f198fd1176f0ff506ac,results/checkpoints/best_055_254652429.benchmark.json,results/checkpoints/best_055_254652429.readiness.json
56,255006286,796894.64375,375.8343114982126,4.069666099967435,Early quotient forward beam with clustered candidate and generalized cycle repair; exact packed refinement kernels; stable +353857 over055; 36 changed outputs reproduced and max-size holdouts passed,submissions/best_056_255006286.py,f75fbfbb57fa2b63670ac07f5b9e23f04606839a26b87f1c7b08be6df637fc44,bd30204d28266a4d8c69f0dc028eec2ca8ac605d8e9f3f198fd1176f0ff506ac,results/checkpoints/best_056_255006286.benchmark.json,results/checkpoints/best_056_255006286.readiness.json
